board_path,date,sector_index
科技>AI算力与数据中心>算力服务器,2026-03-23,100.0
科技>AI算力与数据中心>算力服务器,2026-03-24,102.605
科技>AI算力与数据中心>算力服务器,2026-03-25,105.693
科技>AI算力与数据中心>算力服务器,2026-03-26,104.496
科技>AI算力与数据中心>算力服务器,2026-03-27,104.055
科技>AI算力与数据中心>算力服务器,2026-03-30,103.508
科技>AI算力与数据中心>算力服务器,2026-03-31,108.109
科技>AI算力与数据中心>算力服务器,2026-04-01,112.017
科技>AI算力与数据中心>算力服务器,2026-04-02,109.244
科技>AI算力与数据中心>算力服务器,2026-04-03,109.622
科技>AI算力与数据中心>算力服务器,2026-04-07,110.462
科技>AI算力与数据中心>算力服务器,2026-04-08,118.929
科技>AI算力与数据中心>算力服务器,2026-04-09,115.588
科技>AI算力与数据中心>算力服务器,2026-04-10,118.739
科技>AI算力与数据中心>算力服务器,2026-04-13,117.017
科技>AI算力与数据中心>算力服务器,2026-04-14,123.782
科技>AI算力与数据中心>算力服务器,2026-04-15,121.471
科技>AI算力与数据中心>算力服务器,2026-04-16,124.622
科技>AI算力与数据中心>算力服务器,2026-04-17,128.088
科技>AI算力与数据中心>算力服务器,2026-04-20,129.223
科技>AI算力与数据中心>算力服务器,2026-04-21,129.013
科技>AI算力与数据中心>算力服务器,2026-04-22,140.525
科技>AI算力与数据中心>算力服务器,2026-04-23,142.689
科技>AI算力与数据中心>算力服务器,2026-04-24,136.576
科技>AI算力与数据中心>算力服务器,2026-04-27,141.282
科技>AI算力与数据中心>算力服务器,2026-04-28,143.277
科技>AI算力与数据中心>算力服务器,2026-04-29,139.202
科技>AI算力与数据中心>算力服务器,2026-04-30,132.101
科技>AI算力与数据中心>算力服务器,2026-05-06,132.521
科技>AI算力与数据中心>算力服务器,2026-05-07,134.832
科技>AI算力与数据中心>算力服务器,2026-05-08,132.941
科技>AI算力与数据中心>算力服务器,2026-05-11,138.34
科技>AI算力与数据中心>算力服务器,2026-05-12,135.294
科技>AI算力与数据中心>算力服务器,2026-05-13,148.824
科技>AI算力与数据中心>算力服务器,2026-05-14,144.118
科技>AI算力与数据中心>算力服务器,2026-05-15,142.059
科技>AI算力与数据中心>算力服务器,2026-05-18,144.916
科技>AI算力与数据中心>算力服务器,2026-05-19,144.034
科技>AI算力与数据中心>算力服务器,2026-05-20,143.172
科技>AI算力与数据中心>算力服务器,2026-05-21,137.605
科技>AI算力与数据中心>算力服务器,2026-05-22,141.092
科技>AI算力与数据中心>算力服务器,2026-05-25,147.689
科技>AI算力与数据中心>算力服务器,2026-05-26,147.017
科技>AI算力与数据中心>算力服务器,2026-05-27,147.227
科技>AI算力与数据中心>算力服务器,2026-05-28,157.563
科技>AI算力与数据中心>算力服务器,2026-05-29,154.202
科技>AI算力与数据中心>算力服务器,2026-06-01,154.937
科技>AI算力与数据中心>算力服务器,2026-06-02,168.088
科技>AI算力与数据中心>算力服务器,2026-06-03,170.273
科技>AI算力与数据中心>算力服务器,2026-06-04,165.021
科技>AI算力与数据中心>算力服务器,2026-06-05,155.588
科技>AI算力与数据中心>算力服务器,2026-06-08,148.067
科技>AI算力与数据中心>算力服务器,2026-06-09,157.017
科技>AI算力与数据中心>算力服务器,2026-06-10,149.433
科技>AI算力与数据中心>算力服务器,2026-06-11,146.05
科技>AI算力与数据中心>算力服务器,2026-06-12,147.332
科技>AI算力与数据中心>算力服务器,2026-06-15,154.202
科技>AI算力与数据中心>算力服务器,2026-06-16,153.151
科技>AI算力与数据中心>算力服务器,2026-06-17,152.605
科技>AI算力与数据中心>算力服务器,2026-06-18,164.034
科技>AI算力与数据中心>算力基础设施,2026-03-23,100.0
科技>AI算力与数据中心>算力基础设施,2026-03-24,101.843
科技>AI算力与数据中心>算力基础设施,2026-03-25,105.382
科技>AI算力与数据中心>算力基础设施,2026-03-26,102.031
科技>AI算力与数据中心>算力基础设施,2026-03-27,104.306
科技>AI算力与数据中心>算力基础设施,2026-03-30,104.147
科技>AI算力与数据中心>算力基础设施,2026-03-31,100.797
科技>AI算力与数据中心>算力基础设施,2026-04-01,104.551
科技>AI算力与数据中心>算力基础设施,2026-04-02,100.253
科技>AI算力与数据中心>算力基础设施,2026-04-03,100.626
科技>AI算力与数据中心>算力基础设施,2026-04-07,102.138
科技>AI算力与数据中心>算力基础设施,2026-04-08,110.318
科技>AI算力与数据中心>算力基础设施,2026-04-09,109.007
科技>AI算力与数据中心>算力基础设施,2026-04-10,108.899
科技>AI算力与数据中心>算力基础设施,2026-04-13,111.657
科技>AI算力与数据中心>算力基础设施,2026-04-14,115.067
科技>AI算力与数据中心>算力基础设施,2026-04-15,114.041
科技>AI算力与数据中心>算力基础设施,2026-04-16,117.059
科技>AI算力与数据中心>算力基础设施,2026-04-17,117.436
科技>AI算力与数据中心>算力基础设施,2026-04-20,118.72
科技>AI算力与数据中心>算力基础设施,2026-04-21,117.556
科技>AI算力与数据中心>算力基础设施,2026-04-22,120.547
科技>AI算力与数据中心>算力基础设施,2026-04-23,119.492
科技>AI算力与数据中心>算力基础设施,2026-04-24,123.697
科技>AI算力与数据中心>算力基础设施,2026-04-27,124.338
科技>AI算力与数据中心>算力基础设施,2026-04-28,121.921
科技>AI算力与数据中心>算力基础设施,2026-04-29,122.433
科技>AI算力与数据中心>算力基础设施,2026-04-30,122.685
科技>AI算力与数据中心>算力基础设施,2026-05-06,131.825
科技>AI算力与数据中心>算力基础设施,2026-05-07,136.648
科技>AI算力与数据中心>算力基础设施,2026-05-08,134.468
科技>AI算力与数据中心>算力基础设施,2026-05-11,136.152
科技>AI算力与数据中心>算力基础设施,2026-05-12,135.136
科技>AI算力与数据中心>算力基础设施,2026-05-13,139.964
科技>AI算力与数据中心>算力基础设施,2026-05-14,135.638
科技>AI算力与数据中心>算力基础设施,2026-05-15,132.096
科技>AI算力与数据中心>算力基础设施,2026-05-18,134.909
科技>AI算力与数据中心>算力基础设施,2026-05-19,139.331
科技>AI算力与数据中心>算力基础设施,2026-05-20,139.39
科技>AI算力与数据中心>算力基础设施,2026-05-21,132.393
科技>AI算力与数据中心>算力基础设施,2026-05-22,137.561
科技>AI算力与数据中心>算力基础设施,2026-05-25,139.625
科技>AI算力与数据中心>算力基础设施,2026-05-26,139.35
科技>AI算力与数据中心>算力基础设施,2026-05-27,136.888
科技>AI算力与数据中心>算力基础设施,2026-05-28,140.29
科技>AI算力与数据中心>算力基础设施,2026-05-29,134.404
科技>AI算力与数据中心>算力基础设施,2026-06-01,134.612
科技>AI算力与数据中心>算力基础设施,2026-06-02,133.51
科技>AI算力与数据中心>算力基础设施,2026-06-03,131.934
科技>AI算力与数据中心>算力基础设施,2026-06-04,131.723
科技>AI算力与数据中心>算力基础设施,2026-06-05,130.263
科技>AI算力与数据中心>算力基础设施,2026-06-08,125.066
科技>AI算力与数据中心>算力基础设施,2026-06-09,131.789
科技>AI算力与数据中心>算力基础设施,2026-06-10,136.113
科技>AI算力与数据中心>算力基础设施,2026-06-11,131.112
科技>AI算力与数据中心>算力基础设施,2026-06-12,128.854
科技>AI算力与数据中心>算力基础设施,2026-06-15,136.159
科技>AI算力与数据中心>算力基础设施,2026-06-16,139.61
科技>AI算力与数据中心>算力基础设施,2026-06-17,146.308
科技>AI算力与数据中心>算力基础设施,2026-06-18,157.989
科技>AI算力与数据中心>液冷温控,2026-03-23,100.0
科技>AI算力与数据中心>液冷温控,2026-03-24,104.022
科技>AI算力与数据中心>液冷温控,2026-03-25,108.671
科技>AI算力与数据中心>液冷温控,2026-03-26,107.359
科技>AI算力与数据中心>液冷温控,2026-03-27,106.705
科技>AI算力与数据中心>液冷温控,2026-03-30,106.364
科技>AI算力与数据中心>液冷温控,2026-03-31,104.895
科技>AI算力与数据中心>液冷温控,2026-04-01,107.502
科技>AI算力与数据中心>液冷温控,2026-04-02,102.892
科技>AI算力与数据中心>液冷温控,2026-04-03,102.186
科技>AI算力与数据中心>液冷温控,2026-04-07,104.377
科技>AI算力与数据中心>液冷温控,2026-04-08,113.127
科技>AI算力与数据中心>液冷温控,2026-04-09,114.204
科技>AI算力与数据中心>液冷温控,2026-04-10,114.222
科技>AI算力与数据中心>液冷温控,2026-04-13,114.505
科技>AI算力与数据中心>液冷温控,2026-04-14,117.972
科技>AI算力与数据中心>液冷温控,2026-04-15,118.184
科技>AI算力与数据中心>液冷温控,2026-04-16,122.893
科技>AI算力与数据中心>液冷温控,2026-04-17,124.816
科技>AI算力与数据中心>液冷温控,2026-04-20,125.844
科技>AI算力与数据中心>液冷温控,2026-04-21,124.004
科技>AI算力与数据中心>液冷温控,2026-04-22,129.839
科技>AI算力与数据中心>液冷温控,2026-04-23,130.925
科技>AI算力与数据中心>液冷温控,2026-04-24,127.391
科技>AI算力与数据中心>液冷温控,2026-04-27,128.09
科技>AI算力与数据中心>液冷温控,2026-04-28,129.323
科技>AI算力与数据中心>液冷温控,2026-04-29,133.556
科技>AI算力与数据中心>液冷温控,2026-04-30,136.942
科技>AI算力与数据中心>液冷温控,2026-05-06,146.324
科技>AI算力与数据中心>液冷温控,2026-05-07,147.277
科技>AI算力与数据中心>液冷温控,2026-05-08,149.017
科技>AI算力与数据中心>液冷温控,2026-05-11,153.349
科技>AI算力与数据中心>液冷温控,2026-05-12,150.398
科技>AI算力与数据中心>液冷温控,2026-05-13,161.464
科技>AI算力与数据中心>液冷温控,2026-05-14,160.968
科技>AI算力与数据中心>液冷温控,2026-05-15,158.87
科技>AI算力与数据中心>液冷温控,2026-05-18,163.624
科技>AI算力与数据中心>液冷温控,2026-05-19,168.857
科技>AI算力与数据中心>液冷温控,2026-05-20,171.267
科技>AI算力与数据中心>液冷温控,2026-05-21,164.193
科技>AI算力与数据中心>液冷温控,2026-05-22,171.988
科技>AI算力与数据中心>液冷温控,2026-05-25,178.788
科技>AI算力与数据中心>液冷温控,2026-05-26,180.012
科技>AI算力与数据中心>液冷温控,2026-05-27,182.881
科技>AI算力与数据中心>液冷温控,2026-05-28,194.42
科技>AI算力与数据中心>液冷温控,2026-05-29,191.518
科技>AI算力与数据中心>液冷温控,2026-06-01,185.873
科技>AI算力与数据中心>液冷温控,2026-06-02,186.812
科技>AI算力与数据中心>液冷温控,2026-06-03,190.498
科技>AI算力与数据中心>液冷温控,2026-06-04,191.046
科技>AI算力与数据中心>液冷温控,2026-06-05,188.157
科技>AI算力与数据中心>液冷温控,2026-06-08,176.019
科技>AI算力与数据中心>液冷温控,2026-06-09,182.626
科技>AI算力与数据中心>液冷温控,2026-06-10,171.147
科技>AI算力与数据中心>液冷温控,2026-06-11,166.601
科技>AI算力与数据中心>液冷温控,2026-06-12,168.347
科技>AI算力与数据中心>液冷温控,2026-06-15,182.265
科技>AI算力与数据中心>液冷温控,2026-06-16,182.346
科技>AI算力与数据中心>液冷温控,2026-06-17,189.344
科技>AI算力与数据中心>液冷温控,2026-06-18,205.33
科技>光通信与高速互联>光模块/CPO,2026-03-23,100.0
科技>光通信与高速互联>光模块/CPO,2026-03-24,102.801
科技>光通信与高速互联>光模块/CPO,2026-03-25,108.087
科技>光通信与高速互联>光模块/CPO,2026-03-26,104.889
科技>光通信与高速互联>光模块/CPO,2026-03-27,105.387
科技>光通信与高速互联>光模块/CPO,2026-03-30,107.318
科技>光通信与高速互联>光模块/CPO,2026-03-31,106.742
科技>光通信与高速互联>光模块/CPO,2026-04-01,108.092
科技>光通信与高速互联>光模块/CPO,2026-04-02,105.5
科技>光通信与高速互联>光模块/CPO,2026-04-03,109.112
科技>光通信与高速互联>光模块/CPO,2026-04-07,111.946
科技>光通信与高速互联>光模块/CPO,2026-04-08,119.029
科技>光通信与高速互联>光模块/CPO,2026-04-09,122.258
科技>光通信与高速互联>光模块/CPO,2026-04-10,121.251
科技>光通信与高速互联>光模块/CPO,2026-04-13,123.262
科技>光通信与高速互联>光模块/CPO,2026-04-14,124.306
科技>光通信与高速互联>光模块/CPO,2026-04-15,121.044
科技>光通信与高速互联>光模块/CPO,2026-04-16,123.561
科技>光通信与高速互联>光模块/CPO,2026-04-17,127.067
科技>光通信与高速互联>光模块/CPO,2026-04-20,132.408
科技>光通信与高速互联>光模块/CPO,2026-04-21,133.326
科技>光通信与高速互联>光模块/CPO,2026-04-22,138.186
科技>光通信与高速互联>光模块/CPO,2026-04-23,137.232
科技>光通信与高速互联>光模块/CPO,2026-04-24,134.176
科技>光通信与高速互联>光模块/CPO,2026-04-27,138.373
科技>光通信与高速互联>光模块/CPO,2026-04-28,137.509
科技>光通信与高速互联>光模块/CPO,2026-04-29,137.124
科技>光通信与高速互联>光模块/CPO,2026-04-30,137.487
科技>光通信与高速互联>光模块/CPO,2026-05-06,143.056
科技>光通信与高速互联>光模块/CPO,2026-05-07,152.048
科技>光通信与高速互联>光模块/CPO,2026-05-08,159.89
科技>光通信与高速互联>光模块/CPO,2026-05-11,171.523
科技>光通信与高速互联>光模块/CPO,2026-05-12,177.479
科技>光通信与高速互联>光模块/CPO,2026-05-13,181.158
科技>光通信与高速互联>光模块/CPO,2026-05-14,179.537
科技>光通信与高速互联>光模块/CPO,2026-05-15,171.977
科技>光通信与高速互联>光模块/CPO,2026-05-18,179.144
科技>光通信与高速互联>光模块/CPO,2026-05-19,185.155
科技>光通信与高速互联>光模块/CPO,2026-05-20,186.247
科技>光通信与高速互联>光模块/CPO,2026-05-21,174.741
科技>光通信与高速互联>光模块/CPO,2026-05-22,182.776
科技>光通信与高速互联>光模块/CPO,2026-05-25,188.906
科技>光通信与高速互联>光模块/CPO,2026-05-26,180.151
科技>光通信与高速互联>光模块/CPO,2026-05-27,177.984
科技>光通信与高速互联>光模块/CPO,2026-05-28,189.483
科技>光通信与高速互联>光模块/CPO,2026-05-29,185.764
科技>光通信与高速互联>光模块/CPO,2026-06-01,183.645
科技>光通信与高速互联>光模块/CPO,2026-06-02,195.305
科技>光通信与高速互联>光模块/CPO,2026-06-03,203.46
科技>光通信与高速互联>光模块/CPO,2026-06-04,209.691
科技>光通信与高速互联>光模块/CPO,2026-06-05,209.763
科技>光通信与高速互联>光模块/CPO,2026-06-08,203.46
科技>光通信与高速互联>光模块/CPO,2026-06-09,215.833
科技>光通信与高速互联>光模块/CPO,2026-06-10,204.606
科技>光通信与高速互联>光模块/CPO,2026-06-11,204.344
科技>光通信与高速互联>光模块/CPO,2026-06-12,197.682
科技>光通信与高速互联>光模块/CPO,2026-06-15,214.388
科技>光通信与高速互联>光模块/CPO,2026-06-16,225.878
科技>光通信与高速互联>光模块/CPO,2026-06-17,239.132
科技>光通信与高速互联>光模块/CPO,2026-06-18,262.925
科技>光通信与高速互联>铜缆高速连接,2026-03-23,100.0
科技>光通信与高速互联>铜缆高速连接,2026-03-24,101.709
科技>光通信与高速互联>铜缆高速连接,2026-03-25,105.628
科技>光通信与高速互联>铜缆高速连接,2026-03-26,105.743
科技>光通信与高速互联>铜缆高速连接,2026-03-27,106.321
科技>光通信与高速互联>铜缆高速连接,2026-03-30,107.322
科技>光通信与高速互联>铜缆高速连接,2026-03-31,107.451
科技>光通信与高速互联>铜缆高速连接,2026-04-01,108.537
科技>光通信与高速互联>铜缆高速连接,2026-04-02,106.791
科技>光通信与高速互联>铜缆高速连接,2026-04-03,108.851
科技>光通信与高速互联>铜缆高速连接,2026-04-07,108.897
科技>光通信与高速互联>铜缆高速连接,2026-04-08,115.847
科技>光通信与高速互联>铜缆高速连接,2026-04-09,116.949
科技>光通信与高速互联>铜缆高速连接,2026-04-10,118.327
科技>光通信与高速互联>铜缆高速连接,2026-04-13,119.016
科技>光通信与高速互联>铜缆高速连接,2026-04-14,122.539
科技>光通信与高速互联>铜缆高速连接,2026-04-15,121.676
科技>光通信与高速互联>铜缆高速连接,2026-04-16,121.559
科技>光通信与高速互联>铜缆高速连接,2026-04-17,123.554
科技>光通信与高速互联>铜缆高速连接,2026-04-20,130.108
科技>光通信与高速互联>铜缆高速连接,2026-04-21,128.659
科技>光通信与高速互联>铜缆高速连接,2026-04-22,133.805
科技>光通信与高速互联>铜缆高速连接,2026-04-23,129.621
科技>光通信与高速互联>铜缆高速连接,2026-04-24,126.549
科技>光通信与高速互联>铜缆高速连接,2026-04-27,129.928
科技>光通信与高速互联>铜缆高速连接,2026-04-28,127.304
科技>光通信与高速互联>铜缆高速连接,2026-04-29,128.092
科技>光通信与高速互联>铜缆高速连接,2026-04-30,129.784
科技>光通信与高速互联>铜缆高速连接,2026-05-06,132.674
科技>光通信与高速互联>铜缆高速连接,2026-05-07,137.224
科技>光通信与高速互联>铜缆高速连接,2026-05-08,137.94
科技>光通信与高速互联>铜缆高速连接,2026-05-11,142.138
科技>光通信与高速互联>铜缆高速连接,2026-05-12,140.034
科技>光通信与高速互联>铜缆高速连接,2026-05-13,139.016
科技>光通信与高速互联>铜缆高速连接,2026-05-14,132.893
科技>光通信与高速互联>铜缆高速连接,2026-05-15,132.823
科技>光通信与高速互联>铜缆高速连接,2026-05-18,133.131
科技>光通信与高速互联>铜缆高速连接,2026-05-19,133.411
科技>光通信与高速互联>铜缆高速连接,2026-05-20,132.171
科技>光通信与高速互联>铜缆高速连接,2026-05-21,126.938
科技>光通信与高速互联>铜缆高速连接,2026-05-22,130.704
科技>光通信与高速互联>铜缆高速连接,2026-05-25,131.018
科技>光通信与高速互联>铜缆高速连接,2026-05-26,130.476
科技>光通信与高速互联>铜缆高速连接,2026-05-27,129.319
科技>光通信与高速互联>铜缆高速连接,2026-05-28,132.247
科技>光通信与高速互联>铜缆高速连接,2026-05-29,131.287
科技>光通信与高速互联>铜缆高速连接,2026-06-01,127.579
科技>光通信与高速互联>铜缆高速连接,2026-06-02,133.165
科技>光通信与高速互联>铜缆高速连接,2026-06-03,137.545
科技>光通信与高速互联>铜缆高速连接,2026-06-04,139.854
科技>光通信与高速互联>铜缆高速连接,2026-06-05,141.026
科技>光通信与高速互联>铜缆高速连接,2026-06-08,136.622
科技>光通信与高速互联>铜缆高速连接,2026-06-09,139.564
科技>光通信与高速互联>铜缆高速连接,2026-06-10,135.861
科技>光通信与高速互联>铜缆高速连接,2026-06-11,134.52
科技>光通信与高速互联>铜缆高速连接,2026-06-12,136.837
科技>光通信与高速互联>铜缆高速连接,2026-06-15,141.653
科技>光通信与高速互联>铜缆高速连接,2026-06-16,147.134
科技>光通信与高速互联>铜缆高速连接,2026-06-17,146.427
科技>光通信与高速互联>铜缆高速连接,2026-06-18,150.434
科技>PCB与电子制造>PCB,2026-03-23,100.0
科技>PCB与电子制造>PCB,2026-03-24,104.465
科技>PCB与电子制造>PCB,2026-03-25,105.87
科技>PCB与电子制造>PCB,2026-03-26,103.508
科技>PCB与电子制造>PCB,2026-03-27,103.76
科技>PCB与电子制造>PCB,2026-03-30,105.022
科技>PCB与电子制造>PCB,2026-03-31,101.586
科技>PCB与电子制造>PCB,2026-04-01,106.064
科技>PCB与电子制造>PCB,2026-04-02,101.757
科技>PCB与电子制造>PCB,2026-04-03,102.279
科技>PCB与电子制造>PCB,2026-04-07,106.182
科技>PCB与电子制造>PCB,2026-04-08,112.349
科技>PCB与电子制造>PCB,2026-04-09,116.479
科技>PCB与电子制造>PCB,2026-04-10,117.992
科技>PCB与电子制造>PCB,2026-04-13,121.353
科技>PCB与电子制造>PCB,2026-04-14,123.432
科技>PCB与电子制造>PCB,2026-04-15,121.068
科技>PCB与电子制造>PCB,2026-04-16,124.364
科技>PCB与电子制造>PCB,2026-04-17,129.326
科技>PCB与电子制造>PCB,2026-04-20,129.642
科技>PCB与电子制造>PCB,2026-04-21,134.129
科技>PCB与电子制造>PCB,2026-04-22,140.689
科技>PCB与电子制造>PCB,2026-04-23,136.542
科技>PCB与电子制造>PCB,2026-04-24,134.495
科技>PCB与电子制造>PCB,2026-04-27,138.006
科技>PCB与电子制造>PCB,2026-04-28,138.58
科技>PCB与电子制造>PCB,2026-04-29,143.186
科技>PCB与电子制造>PCB,2026-04-30,146.093
科技>PCB与电子制造>PCB,2026-05-06,154.776
科技>PCB与电子制造>PCB,2026-05-07,162.03
科技>PCB与电子制造>PCB,2026-05-08,160.897
科技>PCB与电子制造>PCB,2026-05-11,162.942
科技>PCB与电子制造>PCB,2026-05-12,164.307
科技>PCB与电子制造>PCB,2026-05-13,167.666
科技>PCB与电子制造>PCB,2026-05-14,159.236
科技>PCB与电子制造>PCB,2026-05-15,153.317
科技>PCB与电子制造>PCB,2026-05-18,157.976
科技>PCB与电子制造>PCB,2026-05-19,159.133
科技>PCB与电子制造>PCB,2026-05-20,160.231
科技>PCB与电子制造>PCB,2026-05-21,154.052
科技>PCB与电子制造>PCB,2026-05-22,164.977
科技>PCB与电子制造>PCB,2026-05-25,170.303
科技>PCB与电子制造>PCB,2026-05-26,175.092
科技>PCB与电子制造>PCB,2026-05-27,176.979
科技>PCB与电子制造>PCB,2026-05-28,188.057
科技>PCB与电子制造>PCB,2026-05-29,185.885
科技>PCB与电子制造>PCB,2026-06-01,178.694
科技>PCB与电子制造>PCB,2026-06-02,187.691
科技>PCB与电子制造>PCB,2026-06-03,191.162
科技>PCB与电子制造>PCB,2026-06-04,199.98
科技>PCB与电子制造>PCB,2026-06-05,195.683
科技>PCB与电子制造>PCB,2026-06-08,192.784
科技>PCB与电子制造>PCB,2026-06-09,203.618
科技>PCB与电子制造>PCB,2026-06-10,206.451
科技>PCB与电子制造>PCB,2026-06-11,212.35
科技>PCB与电子制造>PCB,2026-06-12,220.057
科技>PCB与电子制造>PCB,2026-06-15,244.852
科技>PCB与电子制造>PCB,2026-06-16,256.742
科技>PCB与电子制造>PCB,2026-06-17,260.46
科技>PCB与电子制造>PCB,2026-06-18,284.208
科技>半导体与先进封装>芯片/半导体,2026-03-23,100.0
科技>半导体与先进封装>芯片/半导体,2026-03-24,101.24
科技>半导体与先进封装>芯片/半导体,2026-03-25,103.822
科技>半导体与先进封装>芯片/半导体,2026-03-26,100.431
科技>半导体与先进封装>芯片/半导体,2026-03-27,100.628
科技>半导体与先进封装>芯片/半导体,2026-03-30,99.911
科技>半导体与先进封装>芯片/半导体,2026-03-31,95.321
科技>半导体与先进封装>芯片/半导体,2026-04-01,97.737
科技>半导体与先进封装>芯片/半导体,2026-04-02,95.252
科技>半导体与先进封装>芯片/半导体,2026-04-03,94.909
科技>半导体与先进封装>芯片/半导体,2026-04-07,96.501
科技>半导体与先进封装>芯片/半导体,2026-04-08,103.089
科技>半导体与先进封装>芯片/半导体,2026-04-09,102.381
科技>半导体与先进封装>芯片/半导体,2026-04-10,104.25
科技>半导体与先进封装>芯片/半导体,2026-04-13,103.989
科技>半导体与先进封装>芯片/半导体,2026-04-14,107.539
科技>半导体与先进封装>芯片/半导体,2026-04-15,105.655
科技>半导体与先进封装>芯片/半导体,2026-04-16,107.571
科技>半导体与先进封装>芯片/半导体,2026-04-17,108.237
科技>半导体与先进封装>芯片/半导体,2026-04-20,110.007
科技>半导体与先进封装>芯片/半导体,2026-04-21,109.683
科技>半导体与先进封装>芯片/半导体,2026-04-22,110.936
科技>半导体与先进封装>芯片/半导体,2026-04-23,110.008
科技>半导体与先进封装>芯片/半导体,2026-04-24,110.145
科技>半导体与先进封装>芯片/半导体,2026-04-27,113.275
科技>半导体与先进封装>芯片/半导体,2026-04-28,112.703
科技>半导体与先进封装>芯片/半导体,2026-04-29,112.774
科技>半导体与先进封装>芯片/半导体,2026-04-30,114.224
科技>半导体与先进封装>芯片/半导体,2026-05-06,122.078
科技>半导体与先进封装>芯片/半导体,2026-05-07,122.626
科技>半导体与先进封装>芯片/半导体,2026-05-08,119.868
科技>半导体与先进封装>芯片/半导体,2026-05-11,129.237
科技>半导体与先进封装>芯片/半导体,2026-05-12,128.318
科技>半导体与先进封装>芯片/半导体,2026-05-13,133.478
科技>半导体与先进封装>芯片/半导体,2026-05-14,132.954
科技>半导体与先进封装>芯片/半导体,2026-05-15,132.213
科技>半导体与先进封装>芯片/半导体,2026-05-18,134.317
科技>半导体与先进封装>芯片/半导体,2026-05-19,134.047
科技>半导体与先进封装>芯片/半导体,2026-05-20,137.245
科技>半导体与先进封装>芯片/半导体,2026-05-21,130.399
科技>半导体与先进封装>芯片/半导体,2026-05-22,136.581
科技>半导体与先进封装>芯片/半导体,2026-05-25,146.279
科技>半导体与先进封装>芯片/半导体,2026-05-26,151.64
科技>半导体与先进封装>芯片/半导体,2026-05-27,154.452
科技>半导体与先进封装>芯片/半导体,2026-05-28,156.436
科技>半导体与先进封装>芯片/半导体,2026-05-29,149.249
科技>半导体与先进封装>芯片/半导体,2026-06-01,142.348
科技>半导体与先进封装>芯片/半导体,2026-06-02,144.515
科技>半导体与先进封装>芯片/半导体,2026-06-03,150.994
科技>半导体与先进封装>芯片/半导体,2026-06-04,155.277
科技>半导体与先进封装>芯片/半导体,2026-06-05,146.894
科技>半导体与先进封装>芯片/半导体,2026-06-08,141.4
科技>半导体与先进封装>芯片/半导体,2026-06-09,150.015
科技>半导体与先进封装>芯片/半导体,2026-06-10,147.132
科技>半导体与先进封装>芯片/半导体,2026-06-11,147.931
科技>半导体与先进封装>芯片/半导体,2026-06-12,148.756
科技>半导体与先进封装>芯片/半导体,2026-06-15,158.381
科技>半导体与先进封装>芯片/半导体,2026-06-16,163.032
科技>半导体与先进封装>芯片/半导体,2026-06-17,175.744
科技>半导体与先进封装>芯片/半导体,2026-06-18,185.445
科技>半导体与先进封装>先进封装,2026-03-23,100.0
科技>半导体与先进封装>先进封装,2026-03-24,102.552
科技>半导体与先进封装>先进封装,2026-03-25,105.719
科技>半导体与先进封装>先进封装,2026-03-26,100.74
科技>半导体与先进封装>先进封装,2026-03-27,102.706
科技>半导体与先进封装>先进封装,2026-03-30,102.102
科技>半导体与先进封装>先进封装,2026-03-31,97.471
科技>半导体与先进封装>先进封装,2026-04-01,100.258
科技>半导体与先进封装>先进封装,2026-04-02,96.993
科技>半导体与先进封装>先进封装,2026-04-03,96.675
科技>半导体与先进封装>先进封装,2026-04-07,100.28
科技>半导体与先进封装>先进封装,2026-04-08,105.388
科技>半导体与先进封装>先进封装,2026-04-09,106.553
科技>半导体与先进封装>先进封装,2026-04-10,108.636
科技>半导体与先进封装>先进封装,2026-04-13,112.875
科技>半导体与先进封装>先进封装,2026-04-14,115.762
科技>半导体与先进封装>先进封装,2026-04-15,112.971
科技>半导体与先进封装>先进封装,2026-04-16,114.531
科技>半导体与先进封装>先进封装,2026-04-17,114.752
科技>半导体与先进封装>先进封装,2026-04-20,114.909
科技>半导体与先进封装>先进封装,2026-04-21,115.121
科技>半导体与先进封装>先进封装,2026-04-22,117.014
科技>半导体与先进封装>先进封装,2026-04-23,114.372
科技>半导体与先进封装>先进封装,2026-04-24,114.104
科技>半导体与先进封装>先进封装,2026-04-27,115.481
科技>半导体与先进封装>先进封装,2026-04-28,113.359
科技>半导体与先进封装>先进封装,2026-04-29,115.451
科技>半导体与先进封装>先进封装,2026-04-30,118.636
科技>半导体与先进封装>先进封装,2026-05-06,126.202
科技>半导体与先进封装>先进封装,2026-05-07,128.868
科技>半导体与先进封装>先进封装,2026-05-08,128.709
科技>半导体与先进封装>先进封装,2026-05-11,134.288
科技>半导体与先进封装>先进封装,2026-05-12,135.941
科技>半导体与先进封装>先进封装,2026-05-13,139.679
科技>半导体与先进封装>先进封装,2026-05-14,137.841
科技>半导体与先进封装>先进封装,2026-05-15,134.595
科技>半导体与先进封装>先进封装,2026-05-18,140.064
科技>半导体与先进封装>先进封装,2026-05-19,144.274
科技>半导体与先进封装>先进封装,2026-05-20,149.001
科技>半导体与先进封装>先进封装,2026-05-21,141.297
科技>半导体与先进封装>先进封装,2026-05-22,143.329
科技>半导体与先进封装>先进封装,2026-05-25,151.209
科技>半导体与先进封装>先进封装,2026-05-26,148.119
科技>半导体与先进封装>先进封装,2026-05-27,147.609
科技>半导体与先进封装>先进封装,2026-05-28,150.396
科技>半导体与先进封装>先进封装,2026-05-29,143.828
科技>半导体与先进封装>先进封装,2026-06-01,138.936
科技>半导体与先进封装>先进封装,2026-06-02,143.698
科技>半导体与先进封装>先进封装,2026-06-03,147.733
科技>半导体与先进封装>先进封装,2026-06-04,153.346
科技>半导体与先进封装>先进封装,2026-06-05,148.794
科技>半导体与先进封装>先进封装,2026-06-08,140.607
科技>半导体与先进封装>先进封装,2026-06-09,147.95
科技>半导体与先进封装>先进封装,2026-06-10,151.006
科技>半导体与先进封装>先进封装,2026-06-11,158.288
科技>半导体与先进封装>先进封装,2026-06-12,157.166
科技>半导体与先进封装>先进封装,2026-06-15,166.619
科技>半导体与先进封装>先进封装,2026-06-16,170.111
科技>半导体与先进封装>先进封装,2026-06-17,179.236
科技>半导体与先进封装>先进封装,2026-06-18,193.883
科技>半导体与先进封装>半导体设备材料,2026-03-23,100.0
科技>半导体与先进封装>半导体设备材料,2026-03-24,102.134
科技>半导体与先进封装>半导体设备材料,2026-03-25,104.453
科技>半导体与先进封装>半导体设备材料,2026-03-26,101.24
科技>半导体与先进封装>半导体设备材料,2026-03-27,105.1
科技>半导体与先进封装>半导体设备材料,2026-03-30,106.328
科技>半导体与先进封装>半导体设备材料,2026-03-31,101.904
科技>半导体与先进封装>半导体设备材料,2026-04-01,104.389
科技>半导体与先进封装>半导体设备材料,2026-04-02,100.674
科技>半导体与先进封装>半导体设备材料,2026-04-03,106.365
科技>半导体与先进封装>半导体设备材料,2026-04-07,106.823
科技>半导体与先进封装>半导体设备材料,2026-04-08,113.574
科技>半导体与先进封装>半导体设备材料,2026-04-09,116.24
科技>半导体与先进封装>半导体设备材料,2026-04-10,118.749
科技>半导体与先进封装>半导体设备材料,2026-04-13,121.358
科技>半导体与先进封装>半导体设备材料,2026-04-14,124.593
科技>半导体与先进封装>半导体设备材料,2026-04-15,122.838
科技>半导体与先进封装>半导体设备材料,2026-04-16,125.716
科技>半导体与先进封装>半导体设备材料,2026-04-17,132.001
科技>半导体与先进封装>半导体设备材料,2026-04-20,135.294
科技>半导体与先进封装>半导体设备材料,2026-04-21,139.361
科技>半导体与先进封装>半导体设备材料,2026-04-22,143.919
科技>半导体与先进封装>半导体设备材料,2026-04-23,144.145
科技>半导体与先进封装>半导体设备材料,2026-04-24,145.701
科技>半导体与先进封装>半导体设备材料,2026-04-27,149.152
科技>半导体与先进封装>半导体设备材料,2026-04-28,147.568
科技>半导体与先进封装>半导体设备材料,2026-04-29,153.348
科技>半导体与先进封装>半导体设备材料,2026-04-30,153.624
科技>半导体与先进封装>半导体设备材料,2026-05-06,154.572
科技>半导体与先进封装>半导体设备材料,2026-05-07,163.319
科技>半导体与先进封装>半导体设备材料,2026-05-08,169.226
科技>半导体与先进封装>半导体设备材料,2026-05-11,184.382
科技>半导体与先进封装>半导体设备材料,2026-05-12,187.574
科技>半导体与先进封装>半导体设备材料,2026-05-13,201.452
科技>半导体与先进封装>半导体设备材料,2026-05-14,204.142
科技>半导体与先进封装>半导体设备材料,2026-05-15,203.705
科技>半导体与先进封装>半导体设备材料,2026-05-18,198.118
科技>半导体与先进封装>半导体设备材料,2026-05-19,197.575
科技>半导体与先进封装>半导体设备材料,2026-05-20,208.522
科技>半导体与先进封装>半导体设备材料,2026-05-21,197.857
科技>半导体与先进封装>半导体设备材料,2026-05-22,205.576
科技>半导体与先进封装>半导体设备材料,2026-05-25,210.745
科技>半导体与先进封装>半导体设备材料,2026-05-26,211.593
科技>半导体与先进封装>半导体设备材料,2026-05-27,213.488
科技>半导体与先进封装>半导体设备材料,2026-05-28,227.868
科技>半导体与先进封装>半导体设备材料,2026-05-29,216.119
科技>半导体与先进封装>半导体设备材料,2026-06-01,213.267
科技>半导体与先进封装>半导体设备材料,2026-06-02,227.875
科技>半导体与先进封装>半导体设备材料,2026-06-03,229.998
科技>半导体与先进封装>半导体设备材料,2026-06-04,245.978
科技>半导体与先进封装>半导体设备材料,2026-06-05,248.682
科技>半导体与先进封装>半导体设备材料,2026-06-08,250.091
科技>半导体与先进封装>半导体设备材料,2026-06-09,263.339
科技>半导体与先进封装>半导体设备材料,2026-06-10,278.847
科技>半导体与先进封装>半导体设备材料,2026-06-11,297.315
科技>半导体与先进封装>半导体设备材料,2026-06-12,279.862
科技>半导体与先进封装>半导体设备材料,2026-06-15,297.389
科技>半导体与先进封装>半导体设备材料,2026-06-16,308.723
科技>半导体与先进封装>半导体设备材料,2026-06-17,323.999
科技>半导体与先进封装>半导体设备材料,2026-06-18,331.895
科技>软件AI与信创>AI应用,2026-03-23,100.0
科技>软件AI与信创>AI应用,2026-03-24,103.384
科技>软件AI与信创>AI应用,2026-03-25,106.436
科技>软件AI与信创>AI应用,2026-03-26,103.482
科技>软件AI与信创>AI应用,2026-03-27,106.819
科技>软件AI与信创>AI应用,2026-03-30,110.151
科技>软件AI与信创>AI应用,2026-03-31,108.694
科技>软件AI与信创>AI应用,2026-04-01,113.767
科技>软件AI与信创>AI应用,2026-04-02,111.101
科技>软件AI与信创>AI应用,2026-04-03,108.095
科技>软件AI与信创>AI应用,2026-04-07,109.994
科技>软件AI与信创>AI应用,2026-04-08,117.843
科技>软件AI与信创>AI应用,2026-04-09,116.065
科技>软件AI与信创>AI应用,2026-04-10,118.054
科技>软件AI与信创>AI应用,2026-04-13,116.2
科技>软件AI与信创>AI应用,2026-04-14,114.698
科技>软件AI与信创>AI应用,2026-04-15,112.521
科技>软件AI与信创>AI应用,2026-04-16,113.785
科技>软件AI与信创>AI应用,2026-04-17,114.693
科技>软件AI与信创>AI应用,2026-04-20,118.635
科技>软件AI与信创>AI应用,2026-04-21,116.652
科技>软件AI与信创>AI应用,2026-04-22,120.297
科技>软件AI与信创>AI应用,2026-04-23,118.716
科技>软件AI与信创>AI应用,2026-04-24,117.456
科技>软件AI与信创>AI应用,2026-04-27,117.084
科技>软件AI与信创>AI应用,2026-04-28,114.3
科技>软件AI与信创>AI应用,2026-04-29,118.283
科技>软件AI与信创>AI应用,2026-04-30,115.577
科技>软件AI与信创>AI应用,2026-05-06,118.096
科技>软件AI与信创>AI应用,2026-05-07,122.772
科技>软件AI与信创>AI应用,2026-05-08,124.636
科技>软件AI与信创>AI应用,2026-05-11,126.945
科技>软件AI与信创>AI应用,2026-05-12,125.406
科技>软件AI与信创>AI应用,2026-05-13,128.353
科技>软件AI与信创>AI应用,2026-05-14,126.621
科技>软件AI与信创>AI应用,2026-05-15,125.152
科技>软件AI与信创>AI应用,2026-05-18,123.827
科技>软件AI与信创>AI应用,2026-05-19,124.85
科技>软件AI与信创>AI应用,2026-05-20,120.92
科技>软件AI与信创>AI应用,2026-05-21,118.416
科技>软件AI与信创>AI应用,2026-05-22,123.543
科技>软件AI与信创>AI应用,2026-05-25,126.829
科技>软件AI与信创>AI应用,2026-05-26,128.817
科技>软件AI与信创>AI应用,2026-05-27,126.663
科技>软件AI与信创>AI应用,2026-05-28,125.902
科技>软件AI与信创>AI应用,2026-05-29,127.308
科技>软件AI与信创>AI应用,2026-06-01,128.295
科技>软件AI与信创>AI应用,2026-06-02,126.135
科技>软件AI与信创>AI应用,2026-06-03,124.613
科技>软件AI与信创>AI应用,2026-06-04,122.657
科技>软件AI与信创>AI应用,2026-06-05,119.764
科技>软件AI与信创>AI应用,2026-06-08,113.929
科技>软件AI与信创>AI应用,2026-06-09,116.311
科技>软件AI与信创>AI应用,2026-06-10,111.277
科技>软件AI与信创>AI应用,2026-06-11,106.802
科技>软件AI与信创>AI应用,2026-06-12,105.412
科技>软件AI与信创>AI应用,2026-06-15,111.81
科技>软件AI与信创>AI应用,2026-06-16,116.061
科技>软件AI与信创>AI应用,2026-06-17,113.932
科技>软件AI与信创>AI应用,2026-06-18,123.455
科技>软件AI与信创>信创与数据要素,2026-03-23,100.0
科技>软件AI与信创>信创与数据要素,2026-03-24,104.451
科技>软件AI与信创>信创与数据要素,2026-03-25,105.741
科技>软件AI与信创>信创与数据要素,2026-03-26,103.758
科技>软件AI与信创>信创与数据要素,2026-03-27,105.749
科技>软件AI与信创>信创与数据要素,2026-03-30,107.334
科技>软件AI与信创>信创与数据要素,2026-03-31,106.272
科技>软件AI与信创>信创与数据要素,2026-04-01,109.94
科技>软件AI与信创>信创与数据要素,2026-04-02,105.828
科技>软件AI与信创>信创与数据要素,2026-04-03,102.407
科技>软件AI与信创>信创与数据要素,2026-04-07,103.966
科技>软件AI与信创>信创与数据要素,2026-04-08,110.541
科技>软件AI与信创>信创与数据要素,2026-04-09,108.216
科技>软件AI与信创>信创与数据要素,2026-04-10,107.914
科技>软件AI与信创>信创与数据要素,2026-04-13,107.529
科技>软件AI与信创>信创与数据要素,2026-04-14,108.981
科技>软件AI与信创>信创与数据要素,2026-04-15,108.905
科技>软件AI与信创>信创与数据要素,2026-04-16,110.947
科技>软件AI与信创>信创与数据要素,2026-04-17,110.676
科技>软件AI与信创>信创与数据要素,2026-04-20,112.195
科技>软件AI与信创>信创与数据要素,2026-04-21,110.084
科技>软件AI与信创>信创与数据要素,2026-04-22,111.722
科技>软件AI与信创>信创与数据要素,2026-04-23,108.675
科技>软件AI与信创>信创与数据要素,2026-04-24,108.852
科技>软件AI与信创>信创与数据要素,2026-04-27,108.366
科技>软件AI与信创>信创与数据要素,2026-04-28,104.329
科技>软件AI与信创>信创与数据要素,2026-04-29,109.208
科技>软件AI与信创>信创与数据要素,2026-04-30,103.619
科技>软件AI与信创>信创与数据要素,2026-05-06,106.028
科技>软件AI与信创>信创与数据要素,2026-05-07,108.794
科技>软件AI与信创>信创与数据要素,2026-05-08,112.207
科技>软件AI与信创>信创与数据要素,2026-05-11,113.977
科技>软件AI与信创>信创与数据要素,2026-05-12,110.276
科技>软件AI与信创>信创与数据要素,2026-05-13,112.468
科技>软件AI与信创>信创与数据要素,2026-05-14,107.796
科技>软件AI与信创>信创与数据要素,2026-05-15,107.973
科技>软件AI与信创>信创与数据要素,2026-05-18,109.721
科技>软件AI与信创>信创与数据要素,2026-05-19,112.591
科技>软件AI与信创>信创与数据要素,2026-05-20,112.999
科技>软件AI与信创>信创与数据要素,2026-05-21,109.075
科技>软件AI与信创>信创与数据要素,2026-05-22,111.268
科技>软件AI与信创>信创与数据要素,2026-05-25,113.724
科技>软件AI与信创>信创与数据要素,2026-05-26,110.141
科技>软件AI与信创>信创与数据要素,2026-05-27,107.627
科技>软件AI与信创>信创与数据要素,2026-05-28,109.965
科技>软件AI与信创>信创与数据要素,2026-05-29,105.337
科技>软件AI与信创>信创与数据要素,2026-06-01,106.263
科技>软件AI与信创>信创与数据要素,2026-06-02,105.469
科技>软件AI与信创>信创与数据要素,2026-06-03,104.213
科技>软件AI与信创>信创与数据要素,2026-06-04,101.99
科技>软件AI与信创>信创与数据要素,2026-06-05,105.436
科技>软件AI与信创>信创与数据要素,2026-06-08,103.794
科技>软件AI与信创>信创与数据要素,2026-06-09,106.301
科技>软件AI与信创>信创与数据要素,2026-06-10,103.537
科技>软件AI与信创>信创与数据要素,2026-06-11,102.114
科技>软件AI与信创>信创与数据要素,2026-06-12,105.626
科技>软件AI与信创>信创与数据要素,2026-06-15,108.466
科技>软件AI与信创>信创与数据要素,2026-06-16,109.369
科技>软件AI与信创>信创与数据要素,2026-06-17,107.176
科技>软件AI与信创>信创与数据要素,2026-06-18,109.74
科技>AI终端与消费电子>AI终端,2026-03-23,100.0
科技>AI终端与消费电子>AI终端,2026-03-24,102.347
科技>AI终端与消费电子>AI终端,2026-03-25,104.896
科技>AI终端与消费电子>AI终端,2026-03-26,102.71
科技>AI终端与消费电子>AI终端,2026-03-27,101.789
科技>AI终端与消费电子>AI终端,2026-03-30,103.086
科技>AI终端与消费电子>AI终端,2026-03-31,100.954
科技>AI终端与消费电子>AI终端,2026-04-01,103.457
科技>AI终端与消费电子>AI终端,2026-04-02,99.701
科技>AI终端与消费电子>AI终端,2026-04-03,98.958
科技>AI终端与消费电子>AI终端,2026-04-07,100.537
科技>AI终端与消费电子>AI终端,2026-04-08,106.727
科技>AI终端与消费电子>AI终端,2026-04-09,107.002
科技>AI终端与消费电子>AI终端,2026-04-10,109.571
科技>AI终端与消费电子>AI终端,2026-04-13,115.045
科技>AI终端与消费电子>AI终端,2026-04-14,118.642
科技>AI终端与消费电子>AI终端,2026-04-15,119.246
科技>AI终端与消费电子>AI终端,2026-04-16,121.83
科技>AI终端与消费电子>AI终端,2026-04-17,123.105
科技>AI终端与消费电子>AI终端,2026-04-20,124.582
科技>AI终端与消费电子>AI终端,2026-04-21,125.192
科技>AI终端与消费电子>AI终端,2026-04-22,129.459
科技>AI终端与消费电子>AI终端,2026-04-23,129.053
科技>AI终端与消费电子>AI终端,2026-04-24,128.181
科技>AI终端与消费电子>AI终端,2026-04-27,131.431
科技>AI终端与消费电子>AI终端,2026-04-28,130.366
科技>AI终端与消费电子>AI终端,2026-04-29,135.268
科技>AI终端与消费电子>AI终端,2026-04-30,133.701
科技>AI终端与消费电子>AI终端,2026-05-06,147.389
科技>AI终端与消费电子>AI终端,2026-05-07,153.428
科技>AI终端与消费电子>AI终端,2026-05-08,152.778
科技>AI终端与消费电子>AI终端,2026-05-11,158.523
科技>AI终端与消费电子>AI终端,2026-05-12,159.587
科技>AI终端与消费电子>AI终端,2026-05-13,167.098
科技>AI终端与消费电子>AI终端,2026-05-14,161.38
科技>AI终端与消费电子>AI终端,2026-05-15,155.939
科技>AI终端与消费电子>AI终端,2026-05-18,156.608
科技>AI终端与消费电子>AI终端,2026-05-19,158.838
科技>AI终端与消费电子>AI终端,2026-05-20,159.351
科技>AI终端与消费电子>AI终端,2026-05-21,158.167
科技>AI终端与消费电子>AI终端,2026-05-22,169.625
科技>AI终端与消费电子>AI终端,2026-05-25,177.737
科技>AI终端与消费电子>AI终端,2026-05-26,180.298
科技>AI终端与消费电子>AI终端,2026-05-27,177.055
科技>AI终端与消费电子>AI终端,2026-05-28,184.25
科技>AI终端与消费电子>AI终端,2026-05-29,177.99
科技>AI终端与消费电子>AI终端,2026-06-01,170.471
科技>AI终端与消费电子>AI终端,2026-06-02,178.839
科技>AI终端与消费电子>AI终端,2026-06-03,179.584
科技>AI终端与消费电子>AI终端,2026-06-04,186.11
科技>AI终端与消费电子>AI终端,2026-06-05,181.733
科技>AI终端与消费电子>AI终端,2026-06-08,177.936
科技>AI终端与消费电子>AI终端,2026-06-09,190.458
科技>AI终端与消费电子>AI终端,2026-06-10,182.772
科技>AI终端与消费电子>AI终端,2026-06-11,183.832
科技>AI终端与消费电子>AI终端,2026-06-12,181.472
科技>AI终端与消费电子>AI终端,2026-06-15,197.019
科技>AI终端与消费电子>AI终端,2026-06-16,212.278
科技>AI终端与消费电子>AI终端,2026-06-17,226.818
科技>AI终端与消费电子>AI终端,2026-06-18,227.429
科技>机器人与智能汽车>机器人,2026-03-23,100.0
科技>机器人与智能汽车>机器人,2026-03-24,100.23
科技>机器人与智能汽车>机器人,2026-03-25,100.054
科技>机器人与智能汽车>机器人,2026-03-26,97.775
科技>机器人与智能汽车>机器人,2026-03-27,98.115
科技>机器人与智能汽车>机器人,2026-03-30,100.398
科技>机器人与智能汽车>机器人,2026-03-31,100.113
科技>机器人与智能汽车>机器人,2026-04-01,103.655
科技>机器人与智能汽车>机器人,2026-04-02,101.854
科技>机器人与智能汽车>机器人,2026-04-03,99.445
科技>机器人与智能汽车>机器人,2026-04-07,98.31
科技>机器人与智能汽车>机器人,2026-04-08,105.008
科技>机器人与智能汽车>机器人,2026-04-09,104.31
科技>机器人与智能汽车>机器人,2026-04-10,106.034
科技>机器人与智能汽车>机器人,2026-04-13,106.512
科技>机器人与智能汽车>机器人,2026-04-14,106.668
科技>机器人与智能汽车>机器人,2026-04-15,106.24
科技>机器人与智能汽车>机器人,2026-04-16,108.429
科技>机器人与智能汽车>机器人,2026-04-17,108.949
科技>机器人与智能汽车>机器人,2026-04-20,110.287
科技>机器人与智能汽车>机器人,2026-04-21,108.249
科技>机器人与智能汽车>机器人,2026-04-22,109.57
科技>机器人与智能汽车>机器人,2026-04-23,106.312
科技>机器人与智能汽车>机器人,2026-04-24,104.997
科技>机器人与智能汽车>机器人,2026-04-27,107.331
科技>机器人与智能汽车>机器人,2026-04-28,103.749
科技>机器人与智能汽车>机器人,2026-04-29,106.254
科技>机器人与智能汽车>机器人,2026-04-30,107.245
科技>机器人与智能汽车>机器人,2026-05-06,111.666
科技>机器人与智能汽车>机器人,2026-05-07,113.782
科技>机器人与智能汽车>机器人,2026-05-08,115.739
科技>机器人与智能汽车>机器人,2026-05-11,115.79
科技>机器人与智能汽车>机器人,2026-05-12,119.264
科技>机器人与智能汽车>机器人,2026-05-13,121.255
科技>机器人与智能汽车>机器人,2026-05-14,120.958
科技>机器人与智能汽车>机器人,2026-05-15,126.928
科技>机器人与智能汽车>机器人,2026-05-18,130.865
科技>机器人与智能汽车>机器人,2026-05-19,133.093
科技>机器人与智能汽车>机器人,2026-05-20,131.152
科技>机器人与智能汽车>机器人,2026-05-21,130.973
科技>机器人与智能汽车>机器人,2026-05-22,132.857
科技>机器人与智能汽车>机器人,2026-05-25,132.852
科技>机器人与智能汽车>机器人,2026-05-26,132.201
科技>机器人与智能汽车>机器人,2026-05-27,126.768
科技>机器人与智能汽车>机器人,2026-05-28,126.587
科技>机器人与智能汽车>机器人,2026-05-29,121.486
科技>机器人与智能汽车>机器人,2026-06-01,118.069
科技>机器人与智能汽车>机器人,2026-06-02,119.523
科技>机器人与智能汽车>机器人,2026-06-03,120.878
科技>机器人与智能汽车>机器人,2026-06-04,124.279
科技>机器人与智能汽车>机器人,2026-06-05,130.121
科技>机器人与智能汽车>机器人,2026-06-08,133.556
科技>机器人与智能汽车>机器人,2026-06-09,136.955
科技>机器人与智能汽车>机器人,2026-06-10,132.946
科技>机器人与智能汽车>机器人,2026-06-11,127.319
科技>机器人与智能汽车>机器人,2026-06-12,124.056
科技>机器人与智能汽车>机器人,2026-06-15,127.992
科技>机器人与智能汽车>机器人,2026-06-16,129.738
科技>机器人与智能汽车>机器人,2026-06-17,131.331
科技>机器人与智能汽车>机器人,2026-06-18,143.902
科技>机器人与智能汽车>智能汽车,2026-03-23,100.0
科技>机器人与智能汽车>智能汽车,2026-03-24,102.383
科技>机器人与智能汽车>智能汽车,2026-03-25,105.293
科技>机器人与智能汽车>智能汽车,2026-03-26,104.572
科技>机器人与智能汽车>智能汽车,2026-03-27,105.543
科技>机器人与智能汽车>智能汽车,2026-03-30,107.739
科技>机器人与智能汽车>智能汽车,2026-03-31,106.426
科技>机器人与智能汽车>智能汽车,2026-04-01,107.466
科技>机器人与智能汽车>智能汽车,2026-04-02,106.641
科技>机器人与智能汽车>智能汽车,2026-04-03,107.554
科技>机器人与智能汽车>智能汽车,2026-04-07,108.337
科技>机器人与智能汽车>智能汽车,2026-04-08,111.475
科技>机器人与智能汽车>智能汽车,2026-04-09,110.97
科技>机器人与智能汽车>智能汽车,2026-04-10,110.26
科技>机器人与智能汽车>智能汽车,2026-04-13,109.465
科技>机器人与智能汽车>智能汽车,2026-04-14,110.156
科技>机器人与智能汽车>智能汽车,2026-04-15,109.847
科技>机器人与智能汽车>智能汽车,2026-04-16,111.443
科技>机器人与智能汽车>智能汽车,2026-04-17,113.344
科技>机器人与智能汽车>智能汽车,2026-04-20,115.342
科技>机器人与智能汽车>智能汽车,2026-04-21,114.631
科技>机器人与智能汽车>智能汽车,2026-04-22,118.047
科技>机器人与智能汽车>智能汽车,2026-04-23,118.539
科技>机器人与智能汽车>智能汽车,2026-04-24,118.315
科技>机器人与智能汽车>智能汽车,2026-04-27,119.524
科技>机器人与智能汽车>智能汽车,2026-04-28,115.604
科技>机器人与智能汽车>智能汽车,2026-04-29,116.33
科技>机器人与智能汽车>智能汽车,2026-04-30,117.928
科技>机器人与智能汽车>智能汽车,2026-05-06,121.793
科技>机器人与智能汽车>智能汽车,2026-05-07,125.913
科技>机器人与智能汽车>智能汽车,2026-05-08,127.751
科技>机器人与智能汽车>智能汽车,2026-05-11,127.105
科技>机器人与智能汽车>智能汽车,2026-05-12,126.414
科技>机器人与智能汽车>智能汽车,2026-05-13,127.918
科技>机器人与智能汽车>智能汽车,2026-05-14,125.63
科技>机器人与智能汽车>智能汽车,2026-05-15,125.858
科技>机器人与智能汽车>智能汽车,2026-05-18,127.231
科技>机器人与智能汽车>智能汽车,2026-05-19,126.616
科技>机器人与智能汽车>智能汽车,2026-05-20,128.28
科技>机器人与智能汽车>智能汽车,2026-05-21,129.689
科技>机器人与智能汽车>智能汽车,2026-05-22,130.74
科技>机器人与智能汽车>智能汽车,2026-05-25,132.941
科技>机器人与智能汽车>智能汽车,2026-05-26,129.355
科技>机器人与智能汽车>智能汽车,2026-05-27,125.767
科技>机器人与智能汽车>智能汽车,2026-05-28,126.185
科技>机器人与智能汽车>智能汽车,2026-05-29,125.775
科技>机器人与智能汽车>智能汽车,2026-06-01,124.375
科技>机器人与智能汽车>智能汽车,2026-06-02,129.839
科技>机器人与智能汽车>智能汽车,2026-06-03,133.586
科技>机器人与智能汽车>智能汽车,2026-06-04,139.436
科技>机器人与智能汽车>智能汽车,2026-06-05,138.149
科技>机器人与智能汽车>智能汽车,2026-06-08,136.582
科技>机器人与智能汽车>智能汽车,2026-06-09,142.031
科技>机器人与智能汽车>智能汽车,2026-06-10,139.525
科技>机器人与智能汽车>智能汽车,2026-06-11,136.268
科技>机器人与智能汽车>智能汽车,2026-06-12,133.918
科技>机器人与智能汽车>智能汽车,2026-06-15,138.632
科技>机器人与智能汽车>智能汽车,2026-06-16,142.626
科技>机器人与智能汽车>智能汽车,2026-06-17,143.985
科技>机器人与智能汽车>智能汽车,2026-06-18,148.182
科技>电子制造与通信设备>其他电子通信,2026-03-23,100.0
科技>电子制造与通信设备>其他电子通信,2026-03-24,102.568
科技>电子制造与通信设备>其他电子通信,2026-03-25,104.29
科技>电子制造与通信设备>其他电子通信,2026-03-26,100.743
科技>电子制造与通信设备>其他电子通信,2026-03-27,101.288
科技>电子制造与通信设备>其他电子通信,2026-03-30,101.839
科技>电子制造与通信设备>其他电子通信,2026-03-31,99.953
科技>电子制造与通信设备>其他电子通信,2026-04-01,101.52
科技>电子制造与通信设备>其他电子通信,2026-04-02,98.002
科技>电子制造与通信设备>其他电子通信,2026-04-03,98.296
科技>电子制造与通信设备>其他电子通信,2026-04-07,99.168
科技>电子制造与通信设备>其他电子通信,2026-04-08,105.69
科技>电子制造与通信设备>其他电子通信,2026-04-09,108.286
科技>电子制造与通信设备>其他电子通信,2026-04-10,110.498
科技>电子制造与通信设备>其他电子通信,2026-04-13,110.37
科技>电子制造与通信设备>其他电子通信,2026-04-14,114.031
科技>电子制造与通信设备>其他电子通信,2026-04-15,112.609
科技>电子制造与通信设备>其他电子通信,2026-04-16,113.803
科技>电子制造与通信设备>其他电子通信,2026-04-17,116.422
科技>电子制造与通信设备>其他电子通信,2026-04-20,119.937
科技>电子制造与通信设备>其他电子通信,2026-04-21,120.328
科技>电子制造与通信设备>其他电子通信,2026-04-22,124.506
科技>电子制造与通信设备>其他电子通信,2026-04-23,122.752
科技>电子制造与通信设备>其他电子通信,2026-04-24,120.05
科技>电子制造与通信设备>其他电子通信,2026-04-27,124.045
科技>电子制造与通信设备>其他电子通信,2026-04-28,123.162
科技>电子制造与通信设备>其他电子通信,2026-04-29,124.263
科技>电子制造与通信设备>其他电子通信,2026-04-30,121.104
科技>电子制造与通信设备>其他电子通信,2026-05-06,124.595
科技>电子制造与通信设备>其他电子通信,2026-05-07,128.947
科技>电子制造与通信设备>其他电子通信,2026-05-08,131.1
科技>电子制造与通信设备>其他电子通信,2026-05-11,136.787
科技>电子制造与通信设备>其他电子通信,2026-05-12,138.029
科技>电子制造与通信设备>其他电子通信,2026-05-13,145.141
科技>电子制造与通信设备>其他电子通信,2026-05-14,141.871
科技>电子制造与通信设备>其他电子通信,2026-05-15,138.391
科技>电子制造与通信设备>其他电子通信,2026-05-18,144.634
科技>电子制造与通信设备>其他电子通信,2026-05-19,146.811
科技>电子制造与通信设备>其他电子通信,2026-05-20,150.089
科技>电子制造与通信设备>其他电子通信,2026-05-21,150.463
科技>电子制造与通信设备>其他电子通信,2026-05-22,158.71
科技>电子制造与通信设备>其他电子通信,2026-05-25,169.185
科技>电子制造与通信设备>其他电子通信,2026-05-26,177.199
科技>电子制造与通信设备>其他电子通信,2026-05-27,178.107
科技>电子制造与通信设备>其他电子通信,2026-05-28,179.301
科技>电子制造与通信设备>其他电子通信,2026-05-29,178.087
科技>电子制造与通信设备>其他电子通信,2026-06-01,172.405
科技>电子制造与通信设备>其他电子通信,2026-06-02,179.625
科技>电子制造与通信设备>其他电子通信,2026-06-03,184.063
科技>电子制造与通信设备>其他电子通信,2026-06-04,191.106
科技>电子制造与通信设备>其他电子通信,2026-06-05,186.773
科技>电子制造与通信设备>其他电子通信,2026-06-08,180.291
科技>电子制造与通信设备>其他电子通信,2026-06-09,193.197
科技>电子制造与通信设备>其他电子通信,2026-06-10,186.382
科技>电子制造与通信设备>其他电子通信,2026-06-11,188.749
科技>电子制造与通信设备>其他电子通信,2026-06-12,183.021
科技>电子制造与通信设备>其他电子通信,2026-06-15,197.114
科技>电子制造与通信设备>其他电子通信,2026-06-16,210.224
科技>电子制造与通信设备>其他电子通信,2026-06-17,220.654
科技>电子制造与通信设备>其他电子通信,2026-06-18,220.082
科技>软件AI与信创>软件信息服务,2026-03-23,100.0
科技>软件AI与信创>软件信息服务,2026-03-24,102.289
科技>软件AI与信创>软件信息服务,2026-03-25,103.805
科技>软件AI与信创>软件信息服务,2026-03-26,100.022
科技>软件AI与信创>软件信息服务,2026-03-27,101.033
科技>软件AI与信创>软件信息服务,2026-03-30,100.598
科技>软件AI与信创>软件信息服务,2026-03-31,98.319
科技>软件AI与信创>软件信息服务,2026-04-01,98.886
科技>软件AI与信创>软件信息服务,2026-04-02,95.439
科技>软件AI与信创>软件信息服务,2026-04-03,91.794
科技>软件AI与信创>软件信息服务,2026-04-07,94.742
科技>软件AI与信创>软件信息服务,2026-04-08,103.366
科技>软件AI与信创>软件信息服务,2026-04-09,104.641
科技>软件AI与信创>软件信息服务,2026-04-10,104.794
科技>软件AI与信创>软件信息服务,2026-04-13,106.201
科技>软件AI与信创>软件信息服务,2026-04-14,107.646
科技>软件AI与信创>软件信息服务,2026-04-15,104.314
科技>软件AI与信创>软件信息服务,2026-04-16,109.756
科技>软件AI与信创>软件信息服务,2026-04-17,110.66
科技>软件AI与信创>软件信息服务,2026-04-20,112.902
科技>软件AI与信创>软件信息服务,2026-04-21,110.858
科技>软件AI与信创>软件信息服务,2026-04-22,110.113
科技>软件AI与信创>软件信息服务,2026-04-23,107.788
科技>软件AI与信创>软件信息服务,2026-04-24,104.946
科技>软件AI与信创>软件信息服务,2026-04-27,104.753
科技>软件AI与信创>软件信息服务,2026-04-28,105.684
科技>软件AI与信创>软件信息服务,2026-04-29,111.987
科技>软件AI与信创>软件信息服务,2026-04-30,111.173
科技>软件AI与信创>软件信息服务,2026-05-06,117.783
科技>软件AI与信创>软件信息服务,2026-05-07,126.063
科技>软件AI与信创>软件信息服务,2026-05-08,129.424
科技>软件AI与信创>软件信息服务,2026-05-11,142.138
科技>软件AI与信创>软件信息服务,2026-05-12,140.696
科技>软件AI与信创>软件信息服务,2026-05-13,143.044
科技>软件AI与信创>软件信息服务,2026-05-14,140.402
科技>软件AI与信创>软件信息服务,2026-05-15,146.398
科技>软件AI与信创>软件信息服务,2026-05-18,167.899
科技>软件AI与信创>软件信息服务,2026-05-19,184.986
科技>软件AI与信创>软件信息服务,2026-05-20,183.859
科技>软件AI与信创>软件信息服务,2026-05-21,172.884
科技>软件AI与信创>软件信息服务,2026-05-22,176.632
科技>软件AI与信创>软件信息服务,2026-05-25,175.821
科技>软件AI与信创>软件信息服务,2026-05-26,164.06
科技>软件AI与信创>软件信息服务,2026-05-27,162.153
科技>软件AI与信创>软件信息服务,2026-05-28,171.538
科技>软件AI与信创>软件信息服务,2026-05-29,160.999
科技>软件AI与信创>软件信息服务,2026-06-01,168.944
科技>软件AI与信创>软件信息服务,2026-06-02,168.288
科技>软件AI与信创>软件信息服务,2026-06-03,182.343
科技>软件AI与信创>软件信息服务,2026-06-04,180.951
科技>软件AI与信创>软件信息服务,2026-06-05,182.152
科技>软件AI与信创>软件信息服务,2026-06-08,179.492
科技>软件AI与信创>软件信息服务,2026-06-09,180.075
科技>软件AI与信创>软件信息服务,2026-06-10,172.042
科技>软件AI与信创>软件信息服务,2026-06-11,163.26
科技>软件AI与信创>软件信息服务,2026-06-12,153.533
科技>软件AI与信创>软件信息服务,2026-06-15,154.003
科技>软件AI与信创>软件信息服务,2026-06-16,159.138
科技>软件AI与信创>软件信息服务,2026-06-17,161.026
科技>软件AI与信创>软件信息服务,2026-06-18,160.668
科技>AI终端与消费电子>消费电子,2026-03-23,100.0
科技>AI终端与消费电子>消费电子,2026-03-24,102.36
科技>AI终端与消费电子>消费电子,2026-03-25,105.018
科技>AI终端与消费电子>消费电子,2026-03-26,103.493
科技>AI终端与消费电子>消费电子,2026-03-27,104.658
科技>AI终端与消费电子>消费电子,2026-03-30,104.438
科技>AI终端与消费电子>消费电子,2026-03-31,103.835
科技>AI终端与消费电子>消费电子,2026-04-01,106.025
科技>AI终端与消费电子>消费电子,2026-04-02,104.662
科技>AI终端与消费电子>消费电子,2026-04-03,103.238
科技>AI终端与消费电子>消费电子,2026-04-07,105.136
科技>AI终端与消费电子>消费电子,2026-04-08,110.116
科技>AI终端与消费电子>消费电子,2026-04-09,111.161
科技>AI终端与消费电子>消费电子,2026-04-10,112.424
科技>AI终端与消费电子>消费电子,2026-04-13,112.864
科技>AI终端与消费电子>消费电子,2026-04-14,114.884
科技>AI终端与消费电子>消费电子,2026-04-15,112.751
科技>AI终端与消费电子>消费电子,2026-04-16,114.14
科技>AI终端与消费电子>消费电子,2026-04-17,116.2
科技>AI终端与消费电子>消费电子,2026-04-20,118.101
科技>AI终端与消费电子>消费电子,2026-04-21,118.804
科技>AI终端与消费电子>消费电子,2026-04-22,119.357
科技>AI终端与消费电子>消费电子,2026-04-23,117.547
科技>AI终端与消费电子>消费电子,2026-04-24,116.929
科技>AI终端与消费电子>消费电子,2026-04-27,119.687
科技>AI终端与消费电子>消费电子,2026-04-28,117.005
科技>AI终端与消费电子>消费电子,2026-04-29,119.588
科技>AI终端与消费电子>消费电子,2026-04-30,120.788
科技>AI终端与消费电子>消费电子,2026-05-06,123.383
科技>AI终端与消费电子>消费电子,2026-05-07,124.694
科技>AI终端与消费电子>消费电子,2026-05-08,124.702
科技>AI终端与消费电子>消费电子,2026-05-11,130.573
科技>AI终端与消费电子>消费电子,2026-05-12,126.576
科技>AI终端与消费电子>消费电子,2026-05-13,129.543
科技>AI终端与消费电子>消费电子,2026-05-14,123.393
科技>AI终端与消费电子>消费电子,2026-05-15,122.693
科技>AI终端与消费电子>消费电子,2026-05-18,124.199
科技>AI终端与消费电子>消费电子,2026-05-19,122.965
科技>AI终端与消费电子>消费电子,2026-05-20,123.38
科技>AI终端与消费电子>消费电子,2026-05-21,121.566
科技>AI终端与消费电子>消费电子,2026-05-22,127.616
科技>AI终端与消费电子>消费电子,2026-05-25,128.616
科技>AI终端与消费电子>消费电子,2026-05-26,127.415
科技>AI终端与消费电子>消费电子,2026-05-27,123.824
科技>AI终端与消费电子>消费电子,2026-05-28,126.38
科技>AI终端与消费电子>消费电子,2026-05-29,120.359
科技>AI终端与消费电子>消费电子,2026-06-01,117.32
科技>AI终端与消费电子>消费电子,2026-06-02,118.827
科技>AI终端与消费电子>消费电子,2026-06-03,119.802
科技>AI终端与消费电子>消费电子,2026-06-04,121.365
科技>AI终端与消费电子>消费电子,2026-06-05,123.72
科技>AI终端与消费电子>消费电子,2026-06-08,122.248
科技>AI终端与消费电子>消费电子,2026-06-09,126.403
科技>AI终端与消费电子>消费电子,2026-06-10,125.936
科技>AI终端与消费电子>消费电子,2026-06-11,125.145
科技>AI终端与消费电子>消费电子,2026-06-12,125.376
科技>AI终端与消费电子>消费电子,2026-06-15,127.306
科技>AI终端与消费电子>消费电子,2026-06-16,134.62
科技>AI终端与消费电子>消费电子,2026-06-17,135.993
科技>AI终端与消费电子>消费电子,2026-06-18,143.349
电气机械和器材制造业,2026-03-23,100.0
电气机械和器材制造业,2026-03-24,101.008
电气机械和器材制造业,2026-03-25,101.612
电气机械和器材制造业,2026-03-26,99.995
电气机械和器材制造业,2026-03-27,102.281
电气机械和器材制造业,2026-03-30,100.389
电气机械和器材制造业,2026-03-31,96.07
电气机械和器材制造业,2026-04-01,97.309
电气机械和器材制造业,2026-04-02,95.792
电气机械和器材制造业,2026-04-03,91.944
电气机械和器材制造业,2026-04-07,93.048
电气机械和器材制造业,2026-04-08,96.948
电气机械和器材制造业,2026-04-09,96.851
电气机械和器材制造业,2026-04-10,100.706
电气机械和器材制造业,2026-04-13,102.971
电气机械和器材制造业,2026-04-14,105.309
电气机械和器材制造业,2026-04-15,104.822
电气机械和器材制造业,2026-04-16,106.627
电气机械和器材制造业,2026-04-17,106.125
电气机械和器材制造业,2026-04-20,106.101
电气机械和器材制造业,2026-04-21,108.261
电气机械和器材制造业,2026-04-22,107.594
电气机械和器材制造业,2026-04-23,107.341
电气机械和器材制造业,2026-04-24,112.298
电气机械和器材制造业,2026-04-27,110.006
电气机械和器材制造业,2026-04-28,110.186
电气机械和器材制造业,2026-04-29,113.907
电气机械和器材制造业,2026-04-30,113.423
电气机械和器材制造业,2026-05-06,118.708
电气机械和器材制造业,2026-05-07,119.326
电气机械和器材制造业,2026-05-08,124.621
电气机械和器材制造业,2026-05-11,123.315
电气机械和器材制造业,2026-05-12,127.196
电气机械和器材制造业,2026-05-13,128.349
电气机械和器材制造业,2026-05-14,122.903
电气机械和器材制造业,2026-05-15,121.206
电气机械和器材制造业,2026-05-18,123.306
电气机械和器材制造业,2026-05-19,129.823
电气机械和器材制造业,2026-05-20,127.165
电气机械和器材制造业,2026-05-21,122.33
电气机械和器材制造业,2026-05-22,125.33
电气机械和器材制造业,2026-05-25,124.307
电气机械和器材制造业,2026-05-26,121.864
电气机械和器材制造业,2026-05-27,123.218
电气机械和器材制造业,2026-05-28,125.318
电气机械和器材制造业,2026-05-29,122.285
电气机械和器材制造业,2026-06-01,120.832
电气机械和器材制造业,2026-06-02,122.174
电气机械和器材制造业,2026-06-03,122.326
电气机械和器材制造业,2026-06-04,121.365
电气机械和器材制造业,2026-06-05,120.339
电气机械和器材制造业,2026-06-08,116.646
电气机械和器材制造业,2026-06-09,121.508
电气机械和器材制造业,2026-06-10,124.628
电气机械和器材制造业,2026-06-11,116.666
电气机械和器材制造业,2026-06-12,116.405
电气机械和器材制造业,2026-06-15,121.284
电气机械和器材制造业,2026-06-16,126.12
电气机械和器材制造业,2026-06-17,135.47
电气机械和器材制造业,2026-06-18,134.067
化学原料和化学制品制造业,2026-03-23,100.0
化学原料和化学制品制造业,2026-03-24,101.798
化学原料和化学制品制造业,2026-03-25,104.817
化学原料和化学制品制造业,2026-03-26,103.189
化学原料和化学制品制造业,2026-03-27,105.36
化学原料和化学制品制造业,2026-03-30,104.681
化学原料和化学制品制造业,2026-03-31,101.764
化学原料和化学制品制造业,2026-04-01,104.953
化学原料和化学制品制造业,2026-04-02,102.239
化学原料和化学制品制造业,2026-04-03,106.954
化学原料和化学制品制造业,2026-04-07,111.737
化学原料和化学制品制造业,2026-04-08,112.754
化学原料和化学制品制造业,2026-04-09,112.28
化学原料和化学制品制造业,2026-04-10,112.347
化学原料和化学制品制造业,2026-04-13,108.311
化学原料和化学制品制造业,2026-04-14,109.294
化学原料和化学制品制造业,2026-04-15,107.938
化学原料和化学制品制造业,2026-04-16,110.957
化学原料和化学制品制造业,2026-04-17,109.939
化学原料和化学制品制造业,2026-04-20,110.991
化学原料和化学制品制造业,2026-04-21,114.315
化学原料和化学制品制造业,2026-04-22,117.3
化学原料和化学制品制造业,2026-04-23,114.552
化学原料和化学制品制造业,2026-04-24,118.25
化学原料和化学制品制造业,2026-04-27,120.115
化学原料和化学制品制造业,2026-04-28,119.403
化学原料和化学制品制造业,2026-04-29,119.674
化学原料和化学制品制造业,2026-04-30,122.151
化学原料和化学制品制造业,2026-05-06,122.829
化学原料和化学制品制造业,2026-05-07,119.776
化学原料和化学制品制造业,2026-05-08,115.095
化学原料和化学制品制造业,2026-05-11,117.096
化学原料和化学制品制造业,2026-05-12,111.635
化学原料和化学制品制造业,2026-05-13,118.216
化学原料和化学制品制造业,2026-05-14,123.033
化学原料和化学制品制造业,2026-05-15,123.948
化学原料和化学制品制造业,2026-05-18,118.792
化学原料和化学制品制造业,2026-05-19,116.757
化学原料和化学制品制造业,2026-05-20,120.692
化学原料和化学制品制造业,2026-05-21,117.605
化学原料和化学制品制造业,2026-05-22,122.388
化学原料和化学制品制造业,2026-05-25,119.708
化学原料和化学制品制造业,2026-05-26,131.818
化学原料和化学制品制造业,2026-05-27,134.362
化学原料和化学制品制造业,2026-05-28,135.651
化学原料和化学制品制造业,2026-05-29,129.953
化学原料和化学制品制造业,2026-06-01,137.347
化学原料和化学制品制造业,2026-06-02,145.929
化学原料和化学制品制造业,2026-06-03,139.959
化学原料和化学制品制造业,2026-06-04,146.438
化学原料和化学制品制造业,2026-06-05,156.75
化学原料和化学制品制造业,2026-06-08,169.03
化学原料和化学制品制造业,2026-06-09,177.782
化学原料和化学制品制造业,2026-06-10,195.692
化学原料和化学制品制造业,2026-06-11,215.4
化学原料和化学制品制造业,2026-06-12,193.86
化学原料和化学制品制造业,2026-06-15,190.875
化学原料和化学制品制造业,2026-06-16,196.744
化学原料和化学制品制造业,2026-06-17,216.418
化学原料和化学制品制造业,2026-06-18,221.031
